{
  "k2_missing_run_count": 0,
  "k2_run_count": 8,
  "mean_final_active_edges": 445.25,
  "mean_final_k1": 0.0517584931282913,
  "mean_final_k2_ds": 3.079854624597006,
  "mean_final_k2_dv": 1.4891413111944602,
  "mean_final_num_nodes": 140.0,
  "mean_last_k7_ds_global": 2.7437859053118068,
  "mean_last_k7_dv_global": 1.7322420163955163,
  "mean_last_k7_g_fc": -1.5307887329024514,
  "mean_last_k7_iso_defect": 0.0,
  "mean_num_k7_records": 4.0,
  "model": "baseline",
  "run_count": 8,
  "run_count_with_k4": 0,
  "run_count_with_k5": 0,
  "run_count_with_k7": 8,
  "std_final_active_edges": 190.1760697353902,
  "std_final_k1": 0.033410334846424104,
  "std_final_k2_ds": 0.690896675033049,
  "std_final_k2_dv": 0.29568417870328695,
  "std_final_num_nodes": 59.713901229110796,
  "std_last_k7_ds_global": 0.38433076864859045,
  "std_last_k7_dv_global": 0.3573153805801134,
  "std_last_k7_g_fc": 0.4511959630703471,
  "std_last_k7_iso_defect": 0.0
}