{
  "k2_missing_run_count": 0,
  "k2_run_count": 5,
  "mean_final_active_edges": 46612.6,
  "mean_final_k1": 0.707216937716782,
  "mean_final_k2_ds": 3.6069160940584917,
  "mean_final_k2_dv": 3.7284191325944276,
  "mean_final_num_nodes": 12016.0,
  "mean_last_k4_mean_cluster_dominance": 0.5117688275489445,
  "mean_last_k4_mean_global_efficiency": 0.20614285714285713,
  "mean_last_k4_mean_in_herfindahl": 0.2591703371893301,
  "mean_last_k4_mean_sample_path_length": 5.137333333333333,
  "mean_last_k5_front_thickness": 0.8770895028465832,
  "mean_last_k5_peak_shell": 4.8,
  "mean_last_k5_shell_entropy": 1.185590532215954,
  "mean_last_k7_ds_global": 3.4034965438750246,
  "mean_last_k7_dv_global": 4.54198363477885,
  "mean_last_k7_g_fc": 0.1194349191318417,
  "mean_last_k7_iso_defect": 0.9209238002311672,
  "mean_num_k7_records": 7.4,
  "model": "baseline_ref",
  "run_count": 5,
  "run_count_with_k4": 5,
  "run_count_with_k5": 5,
  "run_count_with_k7": 5,
  "std_final_active_edges": 78.24730027291676,
  "std_final_k1": 0.010315715279156949,
  "std_final_k2_ds": 0.517950858220405,
  "std_final_k2_dv": 0.3855393099029715,
  "std_final_num_nodes": 0.0,
  "std_last_k4_mean_cluster_dominance": 0.003518352599201683,
  "std_last_k4_mean_global_efficiency": 0.0014476938855620583,
  "std_last_k4_mean_in_herfindahl": 0.00029310287240491345,
  "std_last_k4_mean_sample_path_length": 0.053971185728024486,
  "std_last_k5_front_thickness": 0.08354881205818339,
  "std_last_k5_peak_shell": 0.39999999999999997,
  "std_last_k5_shell_entropy": 0.17716793640107278,
  "std_last_k7_ds_global": 0.15156072526447462,
  "std_last_k7_dv_global": 0.18882203124840927,
  "std_last_k7_g_fc": 0.2348901091581274,
  "std_last_k7_iso_defect": 0.04041667701828651
}