{
  "k2_missing_run_count": 0,
  "k2_run_count": 5,
  "mean_final_active_edges": 418.6,
  "mean_final_k1": 0.0416040854440757,
  "mean_final_k2_ds": 3.163785580263109,
  "mean_final_k2_dv": 1.5729320651571679,
  "mean_final_num_nodes": 127.6,
  "mean_last_k7_ds_global": 2.9903634359988454,
  "mean_last_k7_dv_global": 1.6708920329774912,
  "mean_last_k7_g_fc": -1.885250560509276,
  "mean_last_k7_iso_defect": 0.0,
  "mean_num_k7_records": 4.0,
  "model": "v71",
  "run_count": 5,
  "run_count_with_k4": 0,
  "run_count_with_k5": 0,
  "run_count_with_k7": 5,
  "std_final_active_edges": 9.707728879609277,
  "std_final_k1": 0.007854365900908936,
  "std_final_k2_ds": 0.2552747677987063,
  "std_final_k2_dv": 0.1216419661653563,
  "std_final_num_nodes": 6.437390775772434,
  "std_last_k7_ds_global": 0.2707600535389063,
  "std_last_k7_dv_global": 0.17726449602419234,
  "std_last_k7_g_fc": 0.2798725616948432,
  "std_last_k7_iso_defect": 0.0
}