{
  "k2_missing_run_count": 0,
  "k2_run_count": 5,
  "mean_final_active_edges": 709.0,
  "mean_final_k1": 0.026203258836342884,
  "mean_final_k2_ds": 3.320171367128945,
  "mean_final_k2_dv": 1.515152289823201,
  "mean_final_num_nodes": 222.4,
  "mean_last_k7_ds_global": 2.988730234008521,
  "mean_last_k7_dv_global": 1.9170151163755338,
  "mean_last_k7_g_fc": -1.7168948420134449,
  "mean_last_k7_iso_defect": 0.0,
  "mean_num_k7_records": 4.0,
  "model": "v8",
  "run_count": 5,
  "run_count_with_k4": 0,
  "run_count_with_k5": 0,
  "run_count_with_k7": 5,
  "std_final_active_edges": 9.838699100999074,
  "std_final_k1": 0.002087772746861666,
  "std_final_k2_ds": 0.5303277006793773,
  "std_final_k2_dv": 0.2065914742037309,
  "std_final_num_nodes": 4.223742416388576,
  "std_last_k7_ds_global": 0.10983156521990266,
  "std_last_k7_dv_global": 0.053366221752290784,
  "std_last_k7_g_fc": 0.2247023950442069,
  "std_last_k7_iso_defect": 0.0
}