{
  "k2_missing_run_count": 0,
  "k2_run_count": 5,
  "mean_final_active_edges": 47633.4,
  "mean_final_k1": 0.7088593961774776,
  "mean_final_k2_ds": 3.3730620187264306,
  "mean_final_k2_dv": 4.323294269708028,
  "mean_final_num_nodes": 12016.0,
  "mean_last_k4_mean_cluster_dominance": 0.5062867683007469,
  "mean_last_k4_mean_global_efficiency": 0.20619126984126987,
  "mean_last_k4_mean_in_herfindahl": 0.2518512386951983,
  "mean_last_k4_mean_sample_path_length": 5.145333333333333,
  "mean_last_k5_front_thickness": 0.9355295523641785,
  "mean_last_k5_peak_shell": 5.2,
  "mean_last_k5_shell_entropy": 1.306148749210894,
  "mean_last_k7_ds_global": 3.6090845597541543,
  "mean_last_k7_dv_global": 4.042075478049076,
  "mean_last_k7_g_fc": -0.0888714050841161,
  "mean_last_k7_iso_defect": 0.9454783518440758,
  "mean_num_k7_records": 7.4,
  "model": "v8a_fast",
  "run_count": 5,
  "run_count_with_k4": 5,
  "run_count_with_k5": 5,
  "run_count_with_k7": 5,
  "std_final_active_edges": 14.150618361046984,
  "std_final_k1": 0.00835941299421668,
  "std_final_k2_ds": 0.390888266677986,
  "std_final_k2_dv": 0.6254576818305946,
  "std_final_num_nodes": 0.0,
  "std_last_k4_mean_cluster_dominance": 0.004300095573363728,
  "std_last_k4_mean_global_efficiency": 0.004394927818130931,
  "std_last_k4_mean_in_herfindahl": 0.00020337986670645504,
  "std_last_k4_mean_sample_path_length": 0.06608412147491353,
  "std_last_k5_front_thickness": 0.0765954088263775,
  "std_last_k5_peak_shell": 0.39999999999999997,
  "std_last_k5_shell_entropy": 0.10600929576300212,
  "std_last_k7_ds_global": 0.07732746430620825,
  "std_last_k7_dv_global": 0.2072937407425325,
  "std_last_k7_g_fc": 0.30259174102276076,
  "std_last_k7_iso_defect": 0.05917432303004402
}