{
  "k2_missing_run_count": 0,
  "k2_run_count": 5,
  "mean_final_active_edges": 47629.2,
  "mean_final_k1": 0.7112380140049472,
  "mean_final_k2_ds": 3.0901589757709798,
  "mean_final_k2_dv": 4.5883958009111465,
  "mean_final_num_nodes": 12016.0,
  "mean_last_k4_mean_cluster_dominance": 0.5017843550179863,
  "mean_last_k4_mean_global_efficiency": 0.21415396825396824,
  "mean_last_k4_mean_in_herfindahl": 0.2512010322933127,
  "mean_last_k4_mean_sample_path_length": 4.987333333333334,
  "mean_last_k5_front_thickness": 0.9626801766034303,
  "mean_last_k5_peak_shell": 5.2,
  "mean_last_k5_shell_entropy": 1.335875284086202,
  "mean_last_k7_ds_global": 3.612076076372385,
  "mean_last_k7_dv_global": 4.016485724512535,
  "mean_last_k7_g_fc": -0.22136432230450645,
  "mean_last_k7_iso_defect": 0.9280123555435249,
  "mean_num_k7_records": 7.4,
  "model": "v9a_fast",
  "run_count": 5,
  "run_count_with_k4": 5,
  "run_count_with_k5": 5,
  "run_count_with_k7": 5,
  "std_final_active_edges": 10.684568311354464,
  "std_final_k1": 0.008223778438152961,
  "std_final_k2_ds": 0.4516649606454921,
  "std_final_k2_dv": 0.8971168136621016,
  "std_final_num_nodes": 0.0,
  "std_last_k4_mean_cluster_dominance": 0.005657536504984746,
  "std_last_k4_mean_global_efficiency": 0.002875359037469286,
  "std_last_k4_mean_in_herfindahl": 0.00021239549261394536,
  "std_last_k4_mean_sample_path_length": 0.07478561953269436,
  "std_last_k5_front_thickness": 0.04085352993465168,
  "std_last_k5_peak_shell": 0.7483314773547882,
  "std_last_k5_shell_entropy": 0.02976907270475436,
  "std_last_k7_ds_global": 0.17437757043983418,
  "std_last_k7_dv_global": 0.12703757032114404,
  "std_last_k7_g_fc": 0.22118558898695587,
  "std_last_k7_iso_defect": 0.06547001214233264
}